Tract_2020,GEOID_Tract_2020,Community_Statistical_Area_2020,ObjectId
120600,24510120600,Greater Charles Village/Barclay,18
030200,24510030200,Harbor East/Little Italy,19
040100,24510040100,Downtown/Seton Hill,20
080800,24510080800,Oldtown/Middle East,22
040200,24510040200,Downtown/Seton Hill,23
060400,24510060400,Oldtown/Middle East,24
070400,24510070400,Oldtown/Middle East,32
100100,24510100100,Oliver/Johnston Square,44
080200,24510080200,Clifton-Berea,54
080302,24510080302,Clifton-Berea,55
080400,24510080400,Clifton-Berea,58
080500,24510080500,Clifton-Berea,59
080600,24510080600,Oliver/Johnston Square,62
090500,24510090500,The Waverlies,63
090600,24510090600,Midway/Coldstream,67
090700,24510090700,Midway/Coldstream,70
130600,24510130600,Hampden/Remington,78
260404,24510260404,Greektown/Bayview,79
130700,24510130700,Hampden/Remington,80
260501,24510260501,Greektown/Bayview,83
130803,24510130803,Hampden/Remington,84
090800,24510090800,Midway/Coldstream,87
130804,24510130804,Hampden/Remington,88
100200,24510100200,Oldtown/Middle East,91
110100,24510110100,Midtown,99
110200,24510110200,Midtown,103
090900,24510090900,Oliver/Johnston Square,106
120300,24510120300,Greater Charles Village/Barclay,107
120500,24510120500,Midtown,109
120400,24510120400,Greater Charles Village/Barclay,110
080301,24510080301,Clifton-Berea,116
120700,24510120700,Hampden/Remington,118
170100,24510170100,Downtown/Seton Hill,126
140100,24510140100,Midtown,129
080700,24510080700,Oliver/Johnston Square,130
260700,24510260700,Greektown/Bayview,133
120202,24510120202,Greater Charles Village/Barclay,140
120201,24510120201,Greater Charles Village/Barclay,144
280500,24510280500,Oldtown/Middle East,150
090300,24510090300,The Waverlies,174
090400,24510090400,The Waverlies,177
030100,24510030100,Harbor East/Little Italy,179
130806,24510130806,Hampden/Remington,181